id,name,signup_date
1,Keith Gordon,2024-09-29
2,Jonathan Bolton,2025-02-05
3,Matthew Combs,2025-05-14
4,Maria Smith,2025-06-09
5,Jacqueline Bailey,2024-06-13
6,Karen Ray,2025-06-12
7,Erica Shaffer,2025-05-23
8,James Taylor,2023-08-21
9,Eugene Glover,2024-11-04
10,Candice Davis,2024-09-17
11,Sheri Smith,2024-09-30
12,John Avery,2024-09-16
13,Samantha Munoz,2024-12-01
14,Katelyn Dunn,2025-04-14
15,John Gonzalez,2025-04-03
16,Andre Galloway,2023-10-05
17,Shelby Harris,2023-06-26
18,Kristin Dunn,2023-12-27
19,Aaron Park,2023-10-06
20,Ariel Pham,2024-10-22
